INSERT INTO departments (department_id, name, description) VALUES
(1, 'IT', 'Отдел информационных технологий'),
(2, 'HR', 'Отдел кадров'),
(3, 'Finance', 'Финансовый отдел'),
(4, 'Marketing', 'Маркетинг и реклама');

INSERT INTO positions (position_id, title, salary_min, salary_max) VALUES
(1, 'Разработчик', 60000, 150000),
(2, 'Аналитик', 70000, 130000),
(3, 'HR-менеджер', 40000, 80000),
(4, 'Финансовый аналитик', 80000, 160000),
(5, 'Маркетолог', 50000, 100000);

INSERT INTO employees (employee_id, first_name, last_name, email, phone, hire_date, department_id, position_id) VALUES
(1, 'Иван', 'Иванов', 'ivanov@example.com', '+7999000001', '2020-05-10', 1, 1),
(2, 'Петр', 'Петров', 'petrov@example.com', '+7999000002', '2021-02-15', 1, 2),
(3, 'Анна', 'Сидорова', 'sidorova@example.com', '+7999000003', '2019-08-22', 2, 3),
(4, 'Мария', 'Кузнецова', 'kuznecova@example.com', '+7999000004', '2021-11-05', 3, 4),
(5, 'Дмитрий', 'Смирнов', 'smirnov@example.com', '+7999000005', '2022-03-18', 4, 5);

INSERT INTO salaries (salary_id, employee_id, amount, date_paid) VALUES
(1, 1, 120000, '2025-09-30'),
(2, 1, 125000, '2025-09-28'),
(3, 2, 95000, '2025-08-30'),
(4, 2, 98000, '2025-02-28'),
(5, 3, 60000, '2025-01-31'),
(6, 4, 135000, '2025-01-31'),
(7, 5, 75000, '2025-01-31');

INSERT INTO projects (project_id, name, description, start_date, end_date) VALUES
(1, 'CRM-система', 'Разработка CRM для компании', '2022-09-01', NULL),
(2, 'HR-портал', 'Внедрение портала для сотрудников', '2022-06-15', '2023-02-28'),
(3, 'Аналитика продаж', 'Анализ данных о продажах', '2023-01-01', NULL);

INSERT INTO employee_projects (employee_id, project_id, role) VALUES
(1, 1, 'Backend-разработчик'),
(2, 1, 'Системный аналитик'),
(3, 2, 'HR-специалист'),
(4, 3, 'Финансовый аналитик'),
(5, 3, 'Маркетолог');

INSERT INTO work_logs (log_id, employee_id, project_id, work_date, hours_worked, description) VALUES
(1, 1, 1, '2023-01-15', 8, 'Разработка модуля авторизации'),
(2, 1, 1, '2023-01-16', 7.5, 'Исправление багов'),
(3, 2, 1, '2023-01-15', 6, 'Сбор требований'),
(4, 3, 2, '2023-01-20', 5, 'Онбординг новых сотрудников'),
(5, 4, 3, '2023-01-25', 8, 'Подготовка финансового отчета'),
(6, 5, 3, '2023-01-25', 7, 'Разработка рекламной кампании');